id,first_name,last_name,email,department,level,,
1,Abrahan,Galvin,agalvin0,Support,2,,
2,Caresse,Yanov,cyanov1,Marketing,,,
3,Maggie,Inglis,minglis2,Support,2,,
4,Flint,Coll,fcoll3,Engineering,1,,
5,Alphonse,Franciotti,afranciotti4,,1,,
6,Kenn,Pettiward,kpettiward5,Research and Development,1,,
7,Kathleen,Renne,krenne6,Human Resources,2,, 
8,Brennen,Tombleson,btombleson7,Training,3,,
9,Kim,Goodsall,kgoodsall8,Support,2,,
10,Rolland,Durante,rdurante9,Legal,3,,
11,Blakelee,Balmann,bbalmanna,Training,3,,
12,Henryetta,Dubose,hduboseb,Research and Development,1,,
13,Gerrie,Rolinson,grolinsonc,Legal,3,,
14,Berty,Tunno,btunnod,Marketing,1,,
15,Vladamir,Simone,vsimonee,Sales,3,,
16,Marthe,Riep,mriepf,,1,,
17,Emanuele,Teece,eteeceg,Engineering,1,,
18,Matthieu,Kneafsey,mkneafseyh,Services,2,,
19,Phillida,Whitwam,pwhitwami,Legal,1,,
20,Lucinda,Bolstridge,lbolstridgej,Business Development,3,,
21,Kenneth,Tiplady,ktipladyk,Sales,,,
22,Deanne,Cruxton,dcruxtonl,Human Resources,3,,
23,Alicea,Trahear,atrahearm,Training,2,,
24,Glennie,Grelka,ggrelkan,Engineering,3,,
25,Vicki,Shade,vshadeo,Support,1,,
26,Elissa,Harmes,eharmesp,Training,3,,
27,Easter,Domengue,edomengueq,Business Development,1,,
28,Barrie,Gosse,bgosser,Accounting,1,,
29,Ailbert,McLenaghan,amclenaghans,Marketing,1,,
30,Vinni,Liffey,vliffeyt,Human Resources,3,,
31,Neille,Boxill,nboxillu,Accounting,,,
32,Elihu,Bartell,ebartellv,Legal,2,,
33,Maegan,Willeman,mwillemanw,Product Management,3,,
34,Lennard,Chafney,lchafneyx,Legal,1,,
35,Mal,Vannuccinii,mvannucciniiy,Product Management,3,,
36,Dolph,Newman,dnewmanz,Engineering,3,,
37,Odell,Burnsall,oburnsall10,Engineering,1,,
38,Selle,Hinrichsen,shinrichsen11,Product Management,2,,
39,Dominique,Sharrock,dsharrock12,Business Development,3,,
40,Alyson,Davidde,adavidde13,Research and Development,1,,
41,Christoph,Ingarfield,cingarfield14,Product Management,3,,
42,Toddie,Wadmore,twadmore15,Legal,3,,
43,Lanie,Collecott,lcollecott16,Product Management,2,,
44,Enriqueta,Stede,estede17,Research and Development,3,,
45,Malvina,Licciardello,mlicciardello18,Accounting,2,,
46,Jocelyne,Tommasetti,jtommasetti19,Sales,2,,
47,Ronda,Ewart,rewart1a,Support,2,,
48,Celene,Ingleson,cingleson1b,Marketing,1,,
49,Silva,Ohrtmann,sohrtmann1c,,2,,
50,Sibella,Halse,shalse1d,Human Resources,,,
51,Cordell,Cathie,ccathie1e,Support,3,,
52,Ad,Swanborrow,aswanborrow1f,Engineering,2,,
53,Violette,Tumioto,vtumioto1g,Sales,1,,
54,Janeva,Kenwell,jkenwell1h,Human Resources,2,,
55,Nedi,Brumhead,nbrumhead1i,Accounting,3,,
56,Westbrook,Enevold,wenevold1j,Services,2,,
57,Verile,Amoss,vamoss1k,Training,3,,
58,Susana,Renne,srenne1l,Training,3,,
59,Nan,Phifer,nphifer1m,Human Resources,1,,
60,Laney,Lindroos,llindroos1n,Research and Development,2,,
61,Vivian,Dutch,vdutch1o,Accounting,2,,
62,Lucila,Conigsby,lconigsby1p,Sales,3,,
63,Trudey,Magee,tmagee1q,Research and Development,3,,
64,Etheline,Le Bosse,elebosse1r,Services,1,,
65,Bronnie,Stracey,bstracey1s,Business Development,2,,
66,Taylor,Rex,trex1t,Training,2,,
67,Georgianna,Liebrecht,gliebrecht1u,Research and Development,3,,
68,Sheilah,Bust,sbust1v,Marketing,1,,
69,Bobbie,Hearsey,bhearsey1w,Engineering,,,
70,Lissa,Roloff,lroloff1x,Sales,3,,
71,Kelley,Traite,ktraite1y,Training,1,,
72,Brandie,Allderidge,ballderidge1z,Product Management,2,,
73,Lyndel,Rapkins,lrapkins20,Business Development,1,,
74,Jany,Roddie,jroddie21,Marketing,1,,
75,Burtie,Hodgins,bhodgins22,Accounting,2,,
76,Vernon,Dunham,vdunham23,,,,
77,Ernaline,Darcey,edarcey24,Accounting,2,,
78,Rowan,Hawkslee,rhawkslee25,Support,2,,
79,Fran,Sabey,fsabey26,Marketing,2,,
80,Brew,Trenam,btrenam27,Training,2,,
81,Giffie,Ortner,gortner28,Human Resources,1,,
82,Hendrick,Stanley,hstanley29,Accounting,2,,
83,Felice,Halpen,fhalpen2a,Support,2,,
84,Adaline,Ludgrove,aludgrove2b,Engineering,3,,
85,Abdel,Southon,asouthon2c,Accounting,3,,
86,Birk,Bassingham,bbassingham2d,Sales,3,,
87,Nina,Frensche,nfrensche2e,Training,2,,
88,Rossie,Aizlewood,raizlewood2f,Research and Development,2,,
89,Corrinne,Rowan,crowan2g,Training,1,,
90,Merle,Bonnesen,mbonnesen2h,Human Resources,3,,
91,Rob,Lett,rlett2i,Research and Development,1,,
92,Clara,Sales,csales2j,Support,3,,
93,Salomone,Scopham,sscopham2k,,2,,
94,Hamlen,Calafato,hcalafato2l,Legal,1,,
95,Amabelle,Sambath,asambath2m,Accounting,2,,
96,Emmeline,McCafferky,emccafferky2n,Business Development,2,,
97,Rossy,Ccomini,rccomini2o,Engineering,1,,
98,Florette,Josefson,fjosefson2p,Sales,3,,
99,Gregoor,Hewes,ghewes2q,Sales,2,,
100,Darrelle,Jiri,djiri2r,Services,1,,